,id,title,original_title
0,278,The Shawshank Redemption,The Shawshank Redemption
1,238,The Godfather,The Godfather
2,240,The Godfather Part II,The Godfather Part II
3,424,Schindler's List,Schindler's List
4,389,12 Angry Men,12 Angry Men
5,19404,Dilwale Dulhania Le Jayenge,दिलवाले दुल्हनिया ले जायेंगे
6,129,Spirited Away,千と千尋の神隠し
7,155,The Dark Knight,The Dark Knight
8,496243,Parasite,기생충
9,497,The Green Mile,The Green Mile
10,372058,Your Name.,君の名は。
11,680,Pulp Fiction,Pulp Fiction
12,122,The Lord of the Rings: The Return of the King,The Lord of the Rings: The Return of the King
13,13,Forrest Gump,Forrest Gump
14,429,"The Good, the Bad and the Ugly","Il buono, il brutto, il cattivo"
15,769,GoodFellas,GoodFellas
16,346,Seven Samurai,七人の侍
17,12477,Grave of the Fireflies,火垂るの墓
18,637,Life Is Beautiful,La vita è bella
19,11216,Cinema Paradiso,Nuovo Cinema Paradiso
20,278,The Shawshank Redemption,The Shawshank Redemption
21,238,The Godfather,The Godfather
22,240,The Godfather Part II,The Godfather Part II
23,424,Schindler's List,Schindler's List
24,389,12 Angry Men,12 Angry Men
25,19404,Dilwale Dulhania Le Jayenge,दिलवाले दुल्हनिया ले जायेंगे
26,129,Spirited Away,千と千尋の神隠し
27,155,The Dark Knight,The Dark Knight
28,496243,Parasite,기생충
29,497,The Green Mile,The Green Mile
30,372058,Your Name.,君の名は。
31,680,Pulp Fiction,Pulp Fiction
32,122,The Lord of the Rings: The Return of the King,The Lord of the Rings: The Return of the King
33,13,Forrest Gump,Forrest Gump
34,429,"The Good, the Bad and the Ugly","Il buono, il brutto, il cattivo"
35,769,GoodFellas,GoodFellas
36,346,Seven Samurai,七人の侍
37,12477,Grave of the Fireflies,火垂るの墓
38,637,Life Is Beautiful,La vita è bella
39,11216,Cinema Paradiso,Nuovo Cinema Paradiso
40,278,The Shawshank Redemption,The Shawshank Redemption
41,238,The Godfather,The Godfather
42,240,The Godfather Part II,The Godfather Part II
43,424,Schindler's List,Schindler's List
44,389,12 Angry Men,12 Angry Men
45,19404,Dilwale Dulhania Le Jayenge,दिलवाले दुल्हनिया ले जायेंगे
46,129,Spirited Away,千と千尋の神隠し
47,155,The Dark Knight,The Dark Knight
48,496243,Parasite,기생충
49,497,The Green Mile,The Green Mile
50,372058,Your Name.,君の名は。
51,680,Pulp Fiction,Pulp Fiction
52,122,The Lord of the Rings: The Return of the King,The Lord of the Rings: The Return of the King
53,13,Forrest Gump,Forrest Gump
54,429,"The Good, the Bad and the Ugly","Il buono, il brutto, il cattivo"
55,769,GoodFellas,GoodFellas
56,346,Seven Samurai,七人の侍
57,12477,Grave of the Fireflies,火垂るの墓
58,637,Life Is Beautiful,La vita è bella
59,11216,Cinema Paradiso,Nuovo Cinema Paradiso
60,278,The Shawshank Redemption,The Shawshank Redemption
61,238,The Godfather,The Godfather
62,240,The Godfather Part II,The Godfather Part II
63,424,Schindler's List,Schindler's List
64,389,12 Angry Men,12 Angry Men
65,19404,Dilwale Dulhania Le Jayenge,दिलवाले दुल्हनिया ले जायेंगे
66,129,Spirited Away,千と千尋の神隠し
67,155,The Dark Knight,The Dark Knight
68,496243,Parasite,기생충
69,497,The Green Mile,The Green Mile
70,372058,Your Name.,君の名は。
71,680,Pulp Fiction,Pulp Fiction
72,122,The Lord of the Rings: The Return of the King,The Lord of the Rings: The Return of the King
73,13,Forrest Gump,Forrest Gump
74,429,"The Good, the Bad and the Ugly","Il buono, il brutto, il cattivo"
75,769,GoodFellas,GoodFellas
76,346,Seven Samurai,七人の侍
77,12477,Grave of the Fireflies,火垂るの墓
78,637,Life Is Beautiful,La vita è bella
79,11216,Cinema Paradiso,Nuovo Cinema Paradiso
80,278,The Shawshank Redemption,The Shawshank Redemption
81,238,The Godfather,The Godfather
82,240,The Godfather Part II,The Godfather Part II
83,424,Schindler's List,Schindler's List
84,389,12 Angry Men,12 Angry Men
85,19404,Dilwale Dulhania Le Jayenge,दिलवाले दुल्हनिया ले जायेंगे
86,129,Spirited Away,千と千尋の神隠し
87,155,The Dark Knight,The Dark Knight
88,496243,Parasite,기생충
89,497,The Green Mile,The Green Mile
90,372058,Your Name.,君の名は。
91,680,Pulp Fiction,Pulp Fiction
92,122,The Lord of the Rings: The Return of the King,The Lord of the Rings: The Return of the King
93,13,Forrest Gump,Forrest Gump
94,429,"The Good, the Bad and the Ugly","Il buono, il brutto, il cattivo"
95,769,GoodFellas,GoodFellas
96,346,Seven Samurai,七人の侍
97,12477,Grave of the Fireflies,火垂るの墓
98,637,Life Is Beautiful,La vita è bella
99,11216,Cinema Paradiso,Nuovo Cinema Paradiso
100,278,The Shawshank Redemption,The Shawshank Redemption
101,238,The Godfather,The Godfather
102,240,The Godfather Part II,The Godfather Part II
103,424,Schindler's List,Schindler's List
104,389,12 Angry Men,12 Angry Men
105,19404,Dilwale Dulhania Le Jayenge,दिलवाले दुल्हनिया ले जायेंगे
106,129,Spirited Away,千と千尋の神隠し
107,155,The Dark Knight,The Dark Knight
108,496243,Parasite,기생충
109,497,The Green Mile,The Green Mile
110,372058,Your Name.,君の名は。
111,680,Pulp Fiction,Pulp Fiction
112,122,The Lord of the Rings: The Return of the King,The Lord of the Rings: The Return of the King
113,13,Forrest Gump,Forrest Gump
114,429,"The Good, the Bad and the Ugly","Il buono, il brutto, il cattivo"
115,769,GoodFellas,GoodFellas
116,346,Seven Samurai,七人の侍
117,12477,Grave of the Fireflies,火垂るの墓
118,637,Life Is Beautiful,La vita è bella
119,11216,Cinema Paradiso,Nuovo Cinema Paradiso
120,278,The Shawshank Redemption,The Shawshank Redemption
121,238,The Godfather,The Godfather
122,240,The Godfather Part II,The Godfather Part II
123,424,Schindler's List,Schindler's List
124,389,12 Angry Men,12 Angry Men
125,19404,Dilwale Dulhania Le Jayenge,दिलवाले दुल्हनिया ले जायेंगे
126,129,Spirited Away,千と千尋の神隠し
127,155,The Dark Knight,The Dark Knight
128,496243,Parasite,기생충
129,497,The Green Mile,The Green Mile
130,372058,Your Name.,君の名は。
131,680,Pulp Fiction,Pulp Fiction
132,122,The Lord of the Rings: The Return of the King,The Lord of the Rings: The Return of the King
133,13,Forrest Gump,Forrest Gump
134,429,"The Good, the Bad and the Ugly","Il buono, il brutto, il cattivo"
135,769,GoodFellas,GoodFellas
136,346,Seven Samurai,七人の侍
137,12477,Grave of the Fireflies,火垂るの墓
138,637,Life Is Beautiful,La vita è bella
139,11216,Cinema Paradiso,Nuovo Cinema Paradiso
140,278,The Shawshank Redemption,The Shawshank Redemption
141,238,The Godfather,The Godfather
142,240,The Godfather Part II,The Godfather Part II
143,424,Schindler's List,Schindler's List
144,389,12 Angry Men,12 Angry Men
145,19404,Dilwale Dulhania Le Jayenge,दिलवाले दुल्हनिया ले जायेंगे
146,129,Spirited Away,千と千尋の神隠し
147,155,The Dark Knight,The Dark Knight
148,496243,Parasite,기생충
149,497,The Green Mile,The Green Mile
150,372058,Your Name.,君の名は。
151,680,Pulp Fiction,Pulp Fiction
152,122,The Lord of the Rings: The Return of the King,The Lord of the Rings: The Return of the King
153,13,Forrest Gump,Forrest Gump
154,429,"The Good, the Bad and the Ugly","Il buono, il brutto, il cattivo"
155,769,GoodFellas,GoodFellas
156,346,Seven Samurai,七人の侍
157,12477,Grave of the Fireflies,火垂るの墓
158,637,Life Is Beautiful,La vita è bella
159,11216,Cinema Paradiso,Nuovo Cinema Paradiso
160,278,The Shawshank Redemption,The Shawshank Redemption
161,238,The Godfather,The Godfather
162,240,The Godfather Part II,The Godfather Part II
163,424,Schindler's List,Schindler's List
164,389,12 Angry Men,12 Angry Men
165,19404,Dilwale Dulhania Le Jayenge,दिलवाले दुल्हनिया ले जायेंगे
166,129,Spirited Away,千と千尋の神隠し
167,155,The Dark Knight,The Dark Knight
168,496243,Parasite,기생충
169,497,The Green Mile,The Green Mile
170,372058,Your Name.,君の名は。
171,680,Pulp Fiction,Pulp Fiction
172,122,The Lord of the Rings: The Return of the King,The Lord of the Rings: The Return of the King
173,13,Forrest Gump,Forrest Gump
174,429,"The Good, the Bad and the Ugly","Il buono, il brutto, il cattivo"
175,769,GoodFellas,GoodFellas
176,346,Seven Samurai,七人の侍
177,12477,Grave of the Fireflies,火垂るの墓
178,637,Life Is Beautiful,La vita è bella
179,11216,Cinema Paradiso,Nuovo Cinema Paradiso
180,278,The Shawshank Redemption,The Shawshank Redemption
181,238,The Godfather,The Godfather
182,240,The Godfather Part II,The Godfather Part II
183,424,Schindler's List,Schindler's List
184,389,12 Angry Men,12 Angry Men
185,19404,Dilwale Dulhania Le Jayenge,दिलवाले दुल्हनिया ले जायेंगे
186,129,Spirited Away,千と千尋の神隠し
187,155,The Dark Knight,The Dark Knight
188,496243,Parasite,기생충
189,497,The Green Mile,The Green Mile
190,372058,Your Name.,君の名は。
191,680,Pulp Fiction,Pulp Fiction
192,122,The Lord of the Rings: The Return of the King,The Lord of the Rings: The Return of the King
193,13,Forrest Gump,Forrest Gump
194,429,"The Good, the Bad and the Ugly","Il buono, il brutto, il cattivo"
195,769,GoodFellas,GoodFellas
196,346,Seven Samurai,七人の侍
197,12477,Grave of the Fireflies,火垂るの墓
198,637,Life Is Beautiful,La vita è bella
199,11216,Cinema Paradiso,Nuovo Cinema Paradiso
200,278,The Shawshank Redemption,The Shawshank Redemption
201,238,The Godfather,The Godfather
202,240,The Godfather Part II,The Godfather Part II
203,424,Schindler's List,Schindler's List
204,389,12 Angry Men,12 Angry Men
205,19404,Dilwale Dulhania Le Jayenge,दिलवाले दुल्हनिया ले जायेंगे
206,129,Spirited Away,千と千尋の神隠し
207,155,The Dark Knight,The Dark Knight
208,496243,Parasite,기생충
209,497,The Green Mile,The Green Mile
210,372058,Your Name.,君の名は。
211,680,Pulp Fiction,Pulp Fiction
212,122,The Lord of the Rings: The Return of the King,The Lord of the Rings: The Return of the King
213,13,Forrest Gump,Forrest Gump
214,429,"The Good, the Bad and the Ugly","Il buono, il brutto, il cattivo"
215,769,GoodFellas,GoodFellas
216,346,Seven Samurai,七人の侍
217,12477,Grave of the Fireflies,火垂るの墓
218,637,Life Is Beautiful,La vita è bella
219,11216,Cinema Paradiso,Nuovo Cinema Paradiso
220,278,The Shawshank Redemption,The Shawshank Redemption
221,238,The Godfather,The Godfather
222,240,The Godfather Part II,The Godfather Part II
223,424,Schindler's List,Schindler's List
224,389,12 Angry Men,12 Angry Men
225,19404,Dilwale Dulhania Le Jayenge,दिलवाले दुल्हनिया ले जायेंगे
226,129,Spirited Away,千と千尋の神隠し
227,155,The Dark Knight,The Dark Knight
228,496243,Parasite,기생충
229,497,The Green Mile,The Green Mile
230,372058,Your Name.,君の名は。
231,680,Pulp Fiction,Pulp Fiction
232,122,The Lord of the Rings: The Return of the King,The Lord of the Rings: The Return of the King
233,13,Forrest Gump,Forrest Gump
234,429,"The Good, the Bad and the Ugly","Il buono, il brutto, il cattivo"
235,769,GoodFellas,GoodFellas
236,346,Seven Samurai,七人の侍
237,12477,Grave of the Fireflies,火垂るの墓
238,637,Life Is Beautiful,La vita è bella
239,11216,Cinema Paradiso,Nuovo Cinema Paradiso
240,278,The Shawshank Redemption,The Shawshank Redemption
241,238,The Godfather,The Godfather
242,240,The Godfather Part II,The Godfather Part II
243,424,Schindler's List,Schindler's List
244,389,12 Angry Men,12 Angry Men
245,19404,Dilwale Dulhania Le Jayenge,दिलवाले दुल्हनिया ले जायेंगे
246,129,Spirited Away,千と千尋の神隠し
247,155,The Dark Knight,The Dark Knight
248,496243,Parasite,기생충
249,497,The Green Mile,The Green Mile
250,372058,Your Name.,君の名は。
251,680,Pulp Fiction,Pulp Fiction
252,122,The Lord of the Rings: The Return of the King,The Lord of the Rings: The Return of the King
253,13,Forrest Gump,Forrest Gump
254,429,"The Good, the Bad and the Ugly","Il buono, il brutto, il cattivo"
255,769,GoodFellas,GoodFellas
256,346,Seven Samurai,七人の侍
257,12477,Grave of the Fireflies,火垂るの墓
258,637,Life Is Beautiful,La vita è bella
259,11216,Cinema Paradiso,Nuovo Cinema Paradiso
260,278,The Shawshank Redemption,The Shawshank Redemption
261,238,The Godfather,The Godfather
262,240,The Godfather Part II,The Godfather Part II
263,424,Schindler's List,Schindler's List
264,389,12 Angry Men,12 Angry Men
265,19404,Dilwale Dulhania Le Jayenge,दिलवाले दुल्हनिया ले जायेंगे
266,129,Spirited Away,千と千尋の神隠し
267,155,The Dark Knight,The Dark Knight
268,496243,Parasite,기생충
269,497,The Green Mile,The Green Mile
270,372058,Your Name.,君の名は。
271,680,Pulp Fiction,Pulp Fiction
272,122,The Lord of the Rings: The Return of the King,The Lord of the Rings: The Return of the King
273,13,Forrest Gump,Forrest Gump
274,429,"The Good, the Bad and the Ugly","Il buono, il brutto, il cattivo"
275,769,GoodFellas,GoodFellas
276,346,Seven Samurai,七人の侍
277,12477,Grave of the Fireflies,火垂るの墓
278,637,Life Is Beautiful,La vita è bella
279,11216,Cinema Paradiso,Nuovo Cinema Paradiso
280,278,The Shawshank Redemption,The Shawshank Redemption
281,238,The Godfather,The Godfather
282,240,The Godfather Part II,The Godfather Part II
283,424,Schindler's List,Schindler's List
284,389,12 Angry Men,12 Angry Men
285,19404,Dilwale Dulhania Le Jayenge,दिलवाले दुल्हनिया ले जायेंगे
286,129,Spirited Away,千と千尋の神隠し
287,155,The Dark Knight,The Dark Knight
288,496243,Parasite,기생충
289,497,The Green Mile,The Green Mile
290,372058,Your Name.,君の名は。
291,680,Pulp Fiction,Pulp Fiction
292,122,The Lord of the Rings: The Return of the King,The Lord of the Rings: The Return of the King
293,13,Forrest Gump,Forrest Gump
294,429,"The Good, the Bad and the Ugly","Il buono, il brutto, il cattivo"
295,769,GoodFellas,GoodFellas
296,346,Seven Samurai,七人の侍
297,12477,Grave of the Fireflies,火垂るの墓
298,637,Life Is Beautiful,La vita è bella
299,11216,Cinema Paradiso,Nuovo Cinema Paradiso
300,278,The Shawshank Redemption,The Shawshank Redemption
301,238,The Godfather,The Godfather
302,240,The Godfather Part II,The Godfather Part II
303,424,Schindler's List,Schindler's List
304,389,12 Angry Men,12 Angry Men
305,19404,Dilwale Dulhania Le Jayenge,दिलवाले दुल्हनिया ले जायेंगे
306,129,Spirited Away,千と千尋の神隠し
307,155,The Dark Knight,The Dark Knight
308,496243,Parasite,기생충
309,497,The Green Mile,The Green Mile
310,372058,Your Name.,君の名は。
311,680,Pulp Fiction,Pulp Fiction
312,122,The Lord of the Rings: The Return of the King,The Lord of the Rings: The Return of the King
313,13,Forrest Gump,Forrest Gump
314,429,"The Good, the Bad and the Ugly","Il buono, il brutto, il cattivo"
315,769,GoodFellas,GoodFellas
316,346,Seven Samurai,七人の侍
317,12477,Grave of the Fireflies,火垂るの墓
318,637,Life Is Beautiful,La vita è bella
319,11216,Cinema Paradiso,Nuovo Cinema Paradiso
320,278,The Shawshank Redemption,The Shawshank Redemption
321,238,The Godfather,The Godfather
322,240,The Godfather Part II,The Godfather Part II
323,424,Schindler's List,Schindler's List
324,389,12 Angry Men,12 Angry Men
325,19404,Dilwale Dulhania Le Jayenge,दिलवाले दुल्हनिया ले जायेंगे
326,129,Spirited Away,千と千尋の神隠し
327,155,The Dark Knight,The Dark Knight
328,496243,Parasite,기생충
329,497,The Green Mile,The Green Mile
330,372058,Your Name.,君の名は。
331,680,Pulp Fiction,Pulp Fiction
332,122,The Lord of the Rings: The Return of the King,The Lord of the Rings: The Return of the King
333,13,Forrest Gump,Forrest Gump
334,429,"The Good, the Bad and the Ugly","Il buono, il brutto, il cattivo"
335,769,GoodFellas,GoodFellas
336,346,Seven Samurai,七人の侍
337,12477,Grave of the Fireflies,火垂るの墓
338,637,Life Is Beautiful,La vita è bella
339,11216,Cinema Paradiso,Nuovo Cinema Paradiso
340,278,The Shawshank Redemption,The Shawshank Redemption
341,238,The Godfather,The Godfather
342,240,The Godfather Part II,The Godfather Part II
343,424,Schindler's List,Schindler's List
344,389,12 Angry Men,12 Angry Men
345,19404,Dilwale Dulhania Le Jayenge,दिलवाले दुल्हनिया ले जायेंगे
346,129,Spirited Away,千と千尋の神隠し
347,155,The Dark Knight,The Dark Knight
348,496243,Parasite,기생충
349,497,The Green Mile,The Green Mile
350,372058,Your Name.,君の名は。
351,680,Pulp Fiction,Pulp Fiction
352,122,The Lord of the Rings: The Return of the King,The Lord of the Rings: The Return of the King
353,13,Forrest Gump,Forrest Gump
354,429,"The Good, the Bad and the Ugly","Il buono, il brutto, il cattivo"
355,769,GoodFellas,GoodFellas
356,346,Seven Samurai,七人の侍
357,12477,Grave of the Fireflies,火垂るの墓
358,637,Life Is Beautiful,La vita è bella
359,11216,Cinema Paradiso,Nuovo Cinema Paradiso
360,278,The Shawshank Redemption,The Shawshank Redemption
361,238,The Godfather,The Godfather
362,240,The Godfather Part II,The Godfather Part II
363,424,Schindler's List,Schindler's List
364,389,12 Angry Men,12 Angry Men
365,19404,Dilwale Dulhania Le Jayenge,दिलवाले दुल्हनिया ले जायेंगे
366,129,Spirited Away,千と千尋の神隠し
367,155,The Dark Knight,The Dark Knight
368,496243,Parasite,기생충
369,497,The Green Mile,The Green Mile
370,372058,Your Name.,君の名は。
371,680,Pulp Fiction,Pulp Fiction
372,122,The Lord of the Rings: The Return of the King,The Lord of the Rings: The Return of the King
373,13,Forrest Gump,Forrest Gump
374,429,"The Good, the Bad and the Ugly","Il buono, il brutto, il cattivo"
375,769,GoodFellas,GoodFellas
376,346,Seven Samurai,七人の侍
377,12477,Grave of the Fireflies,火垂るの墓
378,637,Life Is Beautiful,La vita è bella
379,11216,Cinema Paradiso,Nuovo Cinema Paradiso
380,278,The Shawshank Redemption,The Shawshank Redemption
381,238,The Godfather,The Godfather
382,240,The Godfather Part II,The Godfather Part II
383,424,Schindler's List,Schindler's List
384,389,12 Angry Men,12 Angry Men
385,19404,Dilwale Dulhania Le Jayenge,दिलवाले दुल्हनिया ले जायेंगे
386,129,Spirited Away,千と千尋の神隠し
387,155,The Dark Knight,The Dark Knight
388,496243,Parasite,기생충
389,497,The Green Mile,The Green Mile
390,372058,Your Name.,君の名は。
391,680,Pulp Fiction,Pulp Fiction
392,122,The Lord of the Rings: The Return of the King,The Lord of the Rings: The Return of the King
393,13,Forrest Gump,Forrest Gump
394,429,"The Good, the Bad and the Ugly","Il buono, il brutto, il cattivo"
395,769,GoodFellas,GoodFellas
396,346,Seven Samurai,七人の侍
397,12477,Grave of the Fireflies,火垂るの墓
398,637,Life Is Beautiful,La vita è bella
399,11216,Cinema Paradiso,Nuovo Cinema Paradiso
400,278,The Shawshank Redemption,The Shawshank Redemption
401,238,The Godfather,The Godfather
402,240,The Godfather Part II,The Godfather Part II
403,424,Schindler's List,Schindler's List
404,389,12 Angry Men,12 Angry Men
405,19404,Dilwale Dulhania Le Jayenge,दिलवाले दुल्हनिया ले जायेंगे
406,129,Spirited Away,千と千尋の神隠し
407,155,The Dark Knight,The Dark Knight
408,496243,Parasite,기생충
409,497,The Green Mile,The Green Mile
410,372058,Your Name.,君の名は。
411,680,Pulp Fiction,Pulp Fiction
412,122,The Lord of the Rings: The Return of the King,The Lord of the Rings: The Return of the King
413,13,Forrest Gump,Forrest Gump
414,429,"The Good, the Bad and the Ugly","Il buono, il brutto, il cattivo"
415,769,GoodFellas,GoodFellas
416,346,Seven Samurai,七人の侍
417,12477,Grave of the Fireflies,火垂るの墓
418,637,Life Is Beautiful,La vita è bella
419,11216,Cinema Paradiso,Nuovo Cinema Paradiso
420,278,The Shawshank Redemption,The Shawshank Redemption
421,238,The Godfather,The Godfather
422,240,The Godfather Part II,The Godfather Part II
423,424,Schindler's List,Schindler's List
424,389,12 Angry Men,12 Angry Men
425,19404,Dilwale Dulhania Le Jayenge,दिलवाले दुल्हनिया ले जायेंगे
426,129,Spirited Away,千と千尋の神隠し
427,155,The Dark Knight,The Dark Knight
428,496243,Parasite,기생충
429,497,The Green Mile,The Green Mile
430,372058,Your Name.,君の名は。
431,680,Pulp Fiction,Pulp Fiction
432,122,The Lord of the Rings: The Return of the King,The Lord of the Rings: The Return of the King
433,13,Forrest Gump,Forrest Gump
434,429,"The Good, the Bad and the Ugly","Il buono, il brutto, il cattivo"
435,769,GoodFellas,GoodFellas
436,346,Seven Samurai,七人の侍
437,12477,Grave of the Fireflies,火垂るの墓
438,637,Life Is Beautiful,La vita è bella
439,11216,Cinema Paradiso,Nuovo Cinema Paradiso
440,278,The Shawshank Redemption,The Shawshank Redemption
441,238,The Godfather,The Godfather
442,240,The Godfather Part II,The Godfather Part II
443,424,Schindler's List,Schindler's List
444,389,12 Angry Men,12 Angry Men
445,19404,Dilwale Dulhania Le Jayenge,दिलवाले दुल्हनिया ले जायेंगे
446,129,Spirited Away,千と千尋の神隠し
447,155,The Dark Knight,The Dark Knight
448,496243,Parasite,기생충
449,497,The Green Mile,The Green Mile
450,372058,Your Name.,君の名は。
451,680,Pulp Fiction,Pulp Fiction
452,122,The Lord of the Rings: The Return of the King,The Lord of the Rings: The Return of the King
453,13,Forrest Gump,Forrest Gump
454,429,"The Good, the Bad and the Ugly","Il buono, il brutto, il cattivo"
455,769,GoodFellas,GoodFellas
456,346,Seven Samurai,七人の侍
457,12477,Grave of the Fireflies,火垂るの墓
458,637,Life Is Beautiful,La vita è bella
459,11216,Cinema Paradiso,Nuovo Cinema Paradiso
460,278,The Shawshank Redemption,The Shawshank Redemption
461,238,The Godfather,The Godfather
462,240,The Godfather Part II,The Godfather Part II
463,424,Schindler's List,Schindler's List
464,389,12 Angry Men,12 Angry Men
465,19404,Dilwale Dulhania Le Jayenge,दिलवाले दुल्हनिया ले जायेंगे
466,129,Spirited Away,千と千尋の神隠し
467,155,The Dark Knight,The Dark Knight
468,496243,Parasite,기생충
469,497,The Green Mile,The Green Mile
470,372058,Your Name.,君の名は。
471,680,Pulp Fiction,Pulp Fiction
472,122,The Lord of the Rings: The Return of the King,The Lord of the Rings: The Return of the King
473,13,Forrest Gump,Forrest Gump
474,429,"The Good, the Bad and the Ugly","Il buono, il brutto, il cattivo"
475,769,GoodFellas,GoodFellas
476,346,Seven Samurai,七人の侍
477,12477,Grave of the Fireflies,火垂るの墓
478,637,Life Is Beautiful,La vita è bella
479,11216,Cinema Paradiso,Nuovo Cinema Paradiso
480,278,The Shawshank Redemption,The Shawshank Redemption
481,238,The Godfather,The Godfather
482,240,The Godfather Part II,The Godfather Part II
483,424,Schindler's List,Schindler's List
484,389,12 Angry Men,12 Angry Men
485,19404,Dilwale Dulhania Le Jayenge,दिलवाले दुल्हनिया ले जायेंगे
486,129,Spirited Away,千と千尋の神隠し
487,155,The Dark Knight,The Dark Knight
488,496243,Parasite,기생충
489,497,The Green Mile,The Green Mile
490,372058,Your Name.,君の名は。
491,680,Pulp Fiction,Pulp Fiction
492,122,The Lord of the Rings: The Return of the King,The Lord of the Rings: The Return of the King
493,13,Forrest Gump,Forrest Gump
494,429,"The Good, the Bad and the Ugly","Il buono, il brutto, il cattivo"
495,769,GoodFellas,GoodFellas
496,346,Seven Samurai,七人の侍
497,12477,Grave of the Fireflies,火垂るの墓
498,637,Life Is Beautiful,La vita è bella
499,11216,Cinema Paradiso,Nuovo Cinema Paradiso
500,278,The Shawshank Redemption,The Shawshank Redemption
501,238,The Godfather,The Godfather
502,240,The Godfather Part II,The Godfather Part II
503,424,Schindler's List,Schindler's List
504,389,12 Angry Men,12 Angry Men
505,19404,Dilwale Dulhania Le Jayenge,दिलवाले दुल्हनिया ले जायेंगे
506,129,Spirited Away,千と千尋の神隠し
507,155,The Dark Knight,The Dark Knight
508,496243,Parasite,기생충
509,497,The Green Mile,The Green Mile
510,372058,Your Name.,君の名は。
511,680,Pulp Fiction,Pulp Fiction
512,122,The Lord of the Rings: The Return of the King,The Lord of the Rings: The Return of the King
513,13,Forrest Gump,Forrest Gump
514,429,"The Good, the Bad and the Ugly","Il buono, il brutto, il cattivo"
515,769,GoodFellas,GoodFellas
516,346,Seven Samurai,七人の侍
517,12477,Grave of the Fireflies,火垂るの墓
518,637,Life Is Beautiful,La vita è bella
519,11216,Cinema Paradiso,Nuovo Cinema Paradiso
520,278,The Shawshank Redemption,The Shawshank Redemption
521,238,The Godfather,The Godfather
522,240,The Godfather Part II,The Godfather Part II
523,424,Schindler's List,Schindler's List
524,389,12 Angry Men,12 Angry Men
525,19404,Dilwale Dulhania Le Jayenge,दिलवाले दुल्हनिया ले जायेंगे
526,129,Spirited Away,千と千尋の神隠し
527,155,The Dark Knight,The Dark Knight
528,496243,Parasite,기생충
529,497,The Green Mile,The Green Mile
530,372058,Your Name.,君の名は。
531,680,Pulp Fiction,Pulp Fiction
532,122,The Lord of the Rings: The Return of the King,The Lord of the Rings: The Return of the King
533,13,Forrest Gump,Forrest Gump
534,429,"The Good, the Bad and the Ugly","Il buono, il brutto, il cattivo"
535,769,GoodFellas,GoodFellas
536,346,Seven Samurai,七人の侍
537,12477,Grave of the Fireflies,火垂るの墓
538,637,Life Is Beautiful,La vita è bella
539,11216,Cinema Paradiso,Nuovo Cinema Paradiso
540,278,The Shawshank Redemption,The Shawshank Redemption
541,238,The Godfather,The Godfather
542,240,The Godfather Part II,The Godfather Part II
543,424,Schindler's List,Schindler's List
544,389,12 Angry Men,12 Angry Men
545,19404,Dilwale Dulhania Le Jayenge,दिलवाले दुल्हनिया ले जायेंगे
546,129,Spirited Away,千と千尋の神隠し
547,155,The Dark Knight,The Dark Knight
548,496243,Parasite,기생충
549,497,The Green Mile,The Green Mile
550,372058,Your Name.,君の名は。
551,680,Pulp Fiction,Pulp Fiction
552,122,The Lord of the Rings: The Return of the King,The Lord of the Rings: The Return of the King
553,13,Forrest Gump,Forrest Gump
554,429,"The Good, the Bad and the Ugly","Il buono, il brutto, il cattivo"
555,769,GoodFellas,GoodFellas
556,346,Seven Samurai,七人の侍
557,12477,Grave of the Fireflies,火垂るの墓
558,637,Life Is Beautiful,La vita è bella
559,11216,Cinema Paradiso,Nuovo Cinema Paradiso
560,278,The Shawshank Redemption,The Shawshank Redemption
561,238,The Godfather,The Godfather
562,240,The Godfather Part II,The Godfather Part II
563,424,Schindler's List,Schindler's List
564,389,12 Angry Men,12 Angry Men
565,19404,Dilwale Dulhania Le Jayenge,दिलवाले दुल्हनिया ले जायेंगे
566,129,Spirited Away,千と千尋の神隠し
567,155,The Dark Knight,The Dark Knight
568,496243,Parasite,기생충
569,497,The Green Mile,The Green Mile
570,372058,Your Name.,君の名は。
571,680,Pulp Fiction,Pulp Fiction
572,122,The Lord of the Rings: The Return of the King,The Lord of the Rings: The Return of the King
573,13,Forrest Gump,Forrest Gump
574,429,"The Good, the Bad and the Ugly","Il buono, il brutto, il cattivo"
575,769,GoodFellas,GoodFellas
576,346,Seven Samurai,七人の侍
577,12477,Grave of the Fireflies,火垂るの墓
578,637,Life Is Beautiful,La vita è bella
579,11216,Cinema Paradiso,Nuovo Cinema Paradiso
580,278,The Shawshank Redemption,The Shawshank Redemption
581,238,The Godfather,The Godfather
582,240,The Godfather Part II,The Godfather Part II
583,424,Schindler's List,Schindler's List
584,389,12 Angry Men,12 Angry Men
585,19404,Dilwale Dulhania Le Jayenge,दिलवाले दुल्हनिया ले जायेंगे
586,129,Spirited Away,千と千尋の神隠し
587,155,The Dark Knight,The Dark Knight
588,496243,Parasite,기생충
589,497,The Green Mile,The Green Mile
590,372058,Your Name.,君の名は。
591,680,Pulp Fiction,Pulp Fiction
592,122,The Lord of the Rings: The Return of the King,The Lord of the Rings: The Return of the King
593,13,Forrest Gump,Forrest Gump
594,429,"The Good, the Bad and the Ugly","Il buono, il brutto, il cattivo"
595,769,GoodFellas,GoodFellas
596,346,Seven Samurai,七人の侍
597,12477,Grave of the Fireflies,火垂るの墓
598,637,Life Is Beautiful,La vita è bella
599,11216,Cinema Paradiso,Nuovo Cinema Paradiso
600,278,The Shawshank Redemption,The Shawshank Redemption
601,238,The Godfather,The Godfather
602,240,The Godfather Part II,The Godfather Part II
603,424,Schindler's List,Schindler's List
604,389,12 Angry Men,12 Angry Men
605,19404,Dilwale Dulhania Le Jayenge,दिलवाले दुल्हनिया ले जायेंगे
606,129,Spirited Away,千と千尋の神隠し
607,155,The Dark Knight,The Dark Knight
608,496243,Parasite,기생충
609,497,The Green Mile,The Green Mile
610,372058,Your Name.,君の名は。
611,680,Pulp Fiction,Pulp Fiction
612,122,The Lord of the Rings: The Return of the King,The Lord of the Rings: The Return of the King
613,13,Forrest Gump,Forrest Gump
614,429,"The Good, the Bad and the Ugly","Il buono, il brutto, il cattivo"
615,769,GoodFellas,GoodFellas
616,346,Seven Samurai,七人の侍
617,12477,Grave of the Fireflies,火垂るの墓
618,637,Life Is Beautiful,La vita è bella
619,11216,Cinema Paradiso,Nuovo Cinema Paradiso
620,278,The Shawshank Redemption,The Shawshank Redemption
621,238,The Godfather,The Godfather
622,240,The Godfather Part II,The Godfather Part II
623,424,Schindler's List,Schindler's List
624,389,12 Angry Men,12 Angry Men
625,19404,Dilwale Dulhania Le Jayenge,दिलवाले दुल्हनिया ले जायेंगे
626,129,Spirited Away,千と千尋の神隠し
627,155,The Dark Knight,The Dark Knight
628,496243,Parasite,기생충
629,497,The Green Mile,The Green Mile
630,372058,Your Name.,君の名は。
631,680,Pulp Fiction,Pulp Fiction
632,122,The Lord of the Rings: The Return of the King,The Lord of the Rings: The Return of the King
633,13,Forrest Gump,Forrest Gump
634,429,"The Good, the Bad and the Ugly","Il buono, il brutto, il cattivo"
635,769,GoodFellas,GoodFellas
636,346,Seven Samurai,七人の侍
637,12477,Grave of the Fireflies,火垂るの墓
638,637,Life Is Beautiful,La vita è bella
639,11216,Cinema Paradiso,Nuovo Cinema Paradiso
640,278,The Shawshank Redemption,The Shawshank Redemption
641,238,The Godfather,The Godfather
642,240,The Godfather Part II,The Godfather Part II
643,424,Schindler's List,Schindler's List
644,389,12 Angry Men,12 Angry Men
645,19404,Dilwale Dulhania Le Jayenge,दिलवाले दुल्हनिया ले जायेंगे
646,129,Spirited Away,千と千尋の神隠し
647,155,The Dark Knight,The Dark Knight
648,496243,Parasite,기생충
649,497,The Green Mile,The Green Mile
650,372058,Your Name.,君の名は。
651,680,Pulp Fiction,Pulp Fiction
652,122,The Lord of the Rings: The Return of the King,The Lord of the Rings: The Return of the King
653,13,Forrest Gump,Forrest Gump
654,429,"The Good, the Bad and the Ugly","Il buono, il brutto, il cattivo"
655,769,GoodFellas,GoodFellas
656,346,Seven Samurai,七人の侍
657,12477,Grave of the Fireflies,火垂るの墓
658,637,Life Is Beautiful,La vita è bella
659,11216,Cinema Paradiso,Nuovo Cinema Paradiso
660,278,The Shawshank Redemption,The Shawshank Redemption
661,238,The Godfather,The Godfather
662,240,The Godfather Part II,The Godfather Part II
663,424,Schindler's List,Schindler's List
664,389,12 Angry Men,12 Angry Men
665,19404,Dilwale Dulhania Le Jayenge,दिलवाले दुल्हनिया ले जायेंगे
666,129,Spirited Away,千と千尋の神隠し
667,155,The Dark Knight,The Dark Knight
668,496243,Parasite,기생충
669,497,The Green Mile,The Green Mile
670,372058,Your Name.,君の名は。
671,680,Pulp Fiction,Pulp Fiction
672,122,The Lord of the Rings: The Return of the King,The Lord of the Rings: The Return of the King
673,13,Forrest Gump,Forrest Gump
674,429,"The Good, the Bad and the Ugly","Il buono, il brutto, il cattivo"
675,769,GoodFellas,GoodFellas
676,346,Seven Samurai,七人の侍
677,12477,Grave of the Fireflies,火垂るの墓
678,637,Life Is Beautiful,La vita è bella
679,11216,Cinema Paradiso,Nuovo Cinema Paradiso
680,278,The Shawshank Redemption,The Shawshank Redemption
681,238,The Godfather,The Godfather
682,240,The Godfather Part II,The Godfather Part II
683,424,Schindler's List,Schindler's List
684,389,12 Angry Men,12 Angry Men
685,19404,Dilwale Dulhania Le Jayenge,दिलवाले दुल्हनिया ले जायेंगे
686,129,Spirited Away,千と千尋の神隠し
687,155,The Dark Knight,The Dark Knight
688,496243,Parasite,기생충
689,497,The Green Mile,The Green Mile
690,372058,Your Name.,君の名は。
691,680,Pulp Fiction,Pulp Fiction
692,122,The Lord of the Rings: The Return of the King,The Lord of the Rings: The Return of the King
693,13,Forrest Gump,Forrest Gump
694,429,"The Good, the Bad and the Ugly","Il buono, il brutto, il cattivo"
695,769,GoodFellas,GoodFellas
696,346,Seven Samurai,七人の侍
697,12477,Grave of the Fireflies,火垂るの墓
698,637,Life Is Beautiful,La vita è bella
699,11216,Cinema Paradiso,Nuovo Cinema Paradiso
700,278,The Shawshank Redemption,The Shawshank Redemption
701,238,The Godfather,The Godfather
702,240,The Godfather Part II,The Godfather Part II
703,424,Schindler's List,Schindler's List
704,389,12 Angry Men,12 Angry Men
705,19404,Dilwale Dulhania Le Jayenge,दिलवाले दुल्हनिया ले जायेंगे
706,129,Spirited Away,千と千尋の神隠し
707,155,The Dark Knight,The Dark Knight
708,496243,Parasite,기생충
709,497,The Green Mile,The Green Mile
710,372058,Your Name.,君の名は。
711,680,Pulp Fiction,Pulp Fiction
712,122,The Lord of the Rings: The Return of the King,The Lord of the Rings: The Return of the King
713,13,Forrest Gump,Forrest Gump
714,429,"The Good, the Bad and the Ugly","Il buono, il brutto, il cattivo"
715,769,GoodFellas,GoodFellas
716,346,Seven Samurai,七人の侍
717,12477,Grave of the Fireflies,火垂るの墓
718,637,Life Is Beautiful,La vita è bella
719,11216,Cinema Paradiso,Nuovo Cinema Paradiso
720,278,The Shawshank Redemption,The Shawshank Redemption
721,238,The Godfather,The Godfather
722,240,The Godfather Part II,The Godfather Part II
723,424,Schindler's List,Schindler's List
724,389,12 Angry Men,12 Angry Men
725,19404,Dilwale Dulhania Le Jayenge,दिलवाले दुल्हनिया ले जायेंगे
726,129,Spirited Away,千と千尋の神隠し
727,155,The Dark Knight,The Dark Knight
728,496243,Parasite,기생충
729,497,The Green Mile,The Green Mile
730,372058,Your Name.,君の名は。
731,680,Pulp Fiction,Pulp Fiction
732,122,The Lord of the Rings: The Return of the King,The Lord of the Rings: The Return of the King
733,13,Forrest Gump,Forrest Gump
734,429,"The Good, the Bad and the Ugly","Il buono, il brutto, il cattivo"
735,769,GoodFellas,GoodFellas
736,346,Seven Samurai,七人の侍
737,12477,Grave of the Fireflies,火垂るの墓
738,637,Life Is Beautiful,La vita è bella
739,11216,Cinema Paradiso,Nuovo Cinema Paradiso
740,278,The Shawshank Redemption,The Shawshank Redemption
741,238,The Godfather,The Godfather
742,240,The Godfather Part II,The Godfather Part II
743,424,Schindler's List,Schindler's List
744,389,12 Angry Men,12 Angry Men
745,19404,Dilwale Dulhania Le Jayenge,दिलवाले दुल्हनिया ले जायेंगे
746,129,Spirited Away,千と千尋の神隠し
747,155,The Dark Knight,The Dark Knight
748,496243,Parasite,기생충
749,497,The Green Mile,The Green Mile
750,372058,Your Name.,君の名は。
751,680,Pulp Fiction,Pulp Fiction
752,122,The Lord of the Rings: The Return of the King,The Lord of the Rings: The Return of the King
753,13,Forrest Gump,Forrest Gump
754,429,"The Good, the Bad and the Ugly","Il buono, il brutto, il cattivo"
755,769,GoodFellas,GoodFellas
756,346,Seven Samurai,七人の侍
757,12477,Grave of the Fireflies,火垂るの墓
758,637,Life Is Beautiful,La vita è bella
759,11216,Cinema Paradiso,Nuovo Cinema Paradiso
760,278,The Shawshank Redemption,The Shawshank Redemption
761,238,The Godfather,The Godfather
762,240,The Godfather Part II,The Godfather Part II
763,424,Schindler's List,Schindler's List
764,389,12 Angry Men,12 Angry Men
765,19404,Dilwale Dulhania Le Jayenge,दिलवाले दुल्हनिया ले जायेंगे
766,129,Spirited Away,千と千尋の神隠し
767,155,The Dark Knight,The Dark Knight
768,496243,Parasite,기생충
769,497,The Green Mile,The Green Mile
770,372058,Your Name.,君の名は。
771,680,Pulp Fiction,Pulp Fiction
772,122,The Lord of the Rings: The Return of the King,The Lord of the Rings: The Return of the King
773,13,Forrest Gump,Forrest Gump
774,429,"The Good, the Bad and the Ugly","Il buono, il brutto, il cattivo"
775,769,GoodFellas,GoodFellas
776,346,Seven Samurai,七人の侍
777,12477,Grave of the Fireflies,火垂るの墓
778,637,Life Is Beautiful,La vita è bella
779,11216,Cinema Paradiso,Nuovo Cinema Paradiso
780,278,The Shawshank Redemption,The Shawshank Redemption
781,238,The Godfather,The Godfather
782,240,The Godfather Part II,The Godfather Part II
783,424,Schindler's List,Schindler's List
784,389,12 Angry Men,12 Angry Men
785,19404,Dilwale Dulhania Le Jayenge,दिलवाले दुल्हनिया ले जायेंगे
786,129,Spirited Away,千と千尋の神隠し
787,155,The Dark Knight,The Dark Knight
788,496243,Parasite,기생충
789,497,The Green Mile,The Green Mile
790,372058,Your Name.,君の名は。
791,680,Pulp Fiction,Pulp Fiction
792,122,The Lord of the Rings: The Return of the King,The Lord of the Rings: The Return of the King
793,13,Forrest Gump,Forrest Gump
794,429,"The Good, the Bad and the Ugly","Il buono, il brutto, il cattivo"
795,769,GoodFellas,GoodFellas
796,346,Seven Samurai,七人の侍
797,12477,Grave of the Fireflies,火垂るの墓
798,637,Life Is Beautiful,La vita è bella
799,11216,Cinema Paradiso,Nuovo Cinema Paradiso
800,278,The Shawshank Redemption,The Shawshank Redemption
801,238,The Godfather,The Godfather
802,240,The Godfather Part II,The Godfather Part II
803,424,Schindler's List,Schindler's List
804,389,12 Angry Men,12 Angry Men
805,19404,Dilwale Dulhania Le Jayenge,दिलवाले दुल्हनिया ले जायेंगे
806,129,Spirited Away,千と千尋の神隠し
807,155,The Dark Knight,The Dark Knight
808,496243,Parasite,기생충
809,497,The Green Mile,The Green Mile
810,372058,Your Name.,君の名は。
811,680,Pulp Fiction,Pulp Fiction
812,122,The Lord of the Rings: The Return of the King,The Lord of the Rings: The Return of the King
813,13,Forrest Gump,Forrest Gump
814,429,"The Good, the Bad and the Ugly","Il buono, il brutto, il cattivo"
815,769,GoodFellas,GoodFellas
816,346,Seven Samurai,七人の侍
817,12477,Grave of the Fireflies,火垂るの墓
818,637,Life Is Beautiful,La vita è bella
819,11216,Cinema Paradiso,Nuovo Cinema Paradiso
820,278,The Shawshank Redemption,The Shawshank Redemption
821,238,The Godfather,The Godfather
822,240,The Godfather Part II,The Godfather Part II
823,424,Schindler's List,Schindler's List
824,389,12 Angry Men,12 Angry Men
825,19404,Dilwale Dulhania Le Jayenge,दिलवाले दुल्हनिया ले जायेंगे
826,129,Spirited Away,千と千尋の神隠し
827,155,The Dark Knight,The Dark Knight
828,496243,Parasite,기생충
829,497,The Green Mile,The Green Mile
830,372058,Your Name.,君の名は。
831,680,Pulp Fiction,Pulp Fiction
832,122,The Lord of the Rings: The Return of the King,The Lord of the Rings: The Return of the King
833,13,Forrest Gump,Forrest Gump
834,429,"The Good, the Bad and the Ugly","Il buono, il brutto, il cattivo"
835,769,GoodFellas,GoodFellas
836,346,Seven Samurai,七人の侍
837,12477,Grave of the Fireflies,火垂るの墓
838,637,Life Is Beautiful,La vita è bella
839,11216,Cinema Paradiso,Nuovo Cinema Paradiso
840,278,The Shawshank Redemption,The Shawshank Redemption
841,238,The Godfather,The Godfather
842,240,The Godfather Part II,The Godfather Part II
843,424,Schindler's List,Schindler's List
844,389,12 Angry Men,12 Angry Men
845,19404,Dilwale Dulhania Le Jayenge,दिलवाले दुल्हनिया ले जायेंगे
846,129,Spirited Away,千と千尋の神隠し
847,155,The Dark Knight,The Dark Knight
848,496243,Parasite,기생충
849,497,The Green Mile,The Green Mile
850,372058,Your Name.,君の名は。
851,680,Pulp Fiction,Pulp Fiction
852,122,The Lord of the Rings: The Return of the King,The Lord of the Rings: The Return of the King
853,13,Forrest Gump,Forrest Gump
854,429,"The Good, the Bad and the Ugly","Il buono, il brutto, il cattivo"
855,769,GoodFellas,GoodFellas
856,346,Seven Samurai,七人の侍
857,12477,Grave of the Fireflies,火垂るの墓
858,637,Life Is Beautiful,La vita è bella
859,11216,Cinema Paradiso,Nuovo Cinema Paradiso
860,278,The Shawshank Redemption,The Shawshank Redemption
861,238,The Godfather,The Godfather
862,240,The Godfather Part II,The Godfather Part II
863,424,Schindler's List,Schindler's List
864,389,12 Angry Men,12 Angry Men
865,19404,Dilwale Dulhania Le Jayenge,दिलवाले दुल्हनिया ले जायेंगे
866,129,Spirited Away,千と千尋の神隠し
867,155,The Dark Knight,The Dark Knight
868,496243,Parasite,기생충
869,497,The Green Mile,The Green Mile
870,372058,Your Name.,君の名は。
871,680,Pulp Fiction,Pulp Fiction
872,122,The Lord of the Rings: The Return of the King,The Lord of the Rings: The Return of the King
873,13,Forrest Gump,Forrest Gump
874,429,"The Good, the Bad and the Ugly","Il buono, il brutto, il cattivo"
875,769,GoodFellas,GoodFellas
876,346,Seven Samurai,七人の侍
877,12477,Grave of the Fireflies,火垂るの墓
878,637,Life Is Beautiful,La vita è bella
879,11216,Cinema Paradiso,Nuovo Cinema Paradiso
880,278,The Shawshank Redemption,The Shawshank Redemption
881,238,The Godfather,The Godfather
882,240,The Godfather Part II,The Godfather Part II
883,424,Schindler's List,Schindler's List
884,389,12 Angry Men,12 Angry Men
885,19404,Dilwale Dulhania Le Jayenge,दिलवाले दुल्हनिया ले जायेंगे
886,129,Spirited Away,千と千尋の神隠し
887,155,The Dark Knight,The Dark Knight
888,496243,Parasite,기생충
889,497,The Green Mile,The Green Mile
890,372058,Your Name.,君の名は。
891,680,Pulp Fiction,Pulp Fiction
892,122,The Lord of the Rings: The Return of the King,The Lord of the Rings: The Return of the King
893,13,Forrest Gump,Forrest Gump
894,429,"The Good, the Bad and the Ugly","Il buono, il brutto, il cattivo"
895,769,GoodFellas,GoodFellas
896,346,Seven Samurai,七人の侍
897,12477,Grave of the Fireflies,火垂るの墓
898,637,Life Is Beautiful,La vita è bella
899,11216,Cinema Paradiso,Nuovo Cinema Paradiso
900,278,The Shawshank Redemption,The Shawshank Redemption
901,238,The Godfather,The Godfather
902,240,The Godfather Part II,The Godfather Part II
903,424,Schindler's List,Schindler's List
904,389,12 Angry Men,12 Angry Men
905,19404,Dilwale Dulhania Le Jayenge,दिलवाले दुल्हनिया ले जायेंगे
906,129,Spirited Away,千と千尋の神隠し
907,155,The Dark Knight,The Dark Knight
908,496243,Parasite,기생충
909,497,The Green Mile,The Green Mile
910,372058,Your Name.,君の名は。
911,680,Pulp Fiction,Pulp Fiction
912,122,The Lord of the Rings: The Return of the King,The Lord of the Rings: The Return of the King
913,13,Forrest Gump,Forrest Gump
914,429,"The Good, the Bad and the Ugly","Il buono, il brutto, il cattivo"
915,769,GoodFellas,GoodFellas
916,346,Seven Samurai,七人の侍
917,12477,Grave of the Fireflies,火垂るの墓
918,637,Life Is Beautiful,La vita è bella
919,11216,Cinema Paradiso,Nuovo Cinema Paradiso
920,278,The Shawshank Redemption,The Shawshank Redemption
921,238,The Godfather,The Godfather
922,240,The Godfather Part II,The Godfather Part II
923,424,Schindler's List,Schindler's List
924,389,12 Angry Men,12 Angry Men
925,19404,Dilwale Dulhania Le Jayenge,दिलवाले दुल्हनिया ले जायेंगे
926,129,Spirited Away,千と千尋の神隠し
927,155,The Dark Knight,The Dark Knight
928,496243,Parasite,기생충
929,497,The Green Mile,The Green Mile
930,372058,Your Name.,君の名は。
931,680,Pulp Fiction,Pulp Fiction
932,122,The Lord of the Rings: The Return of the King,The Lord of the Rings: The Return of the King
933,13,Forrest Gump,Forrest Gump
934,429,"The Good, the Bad and the Ugly","Il buono, il brutto, il cattivo"
935,769,GoodFellas,GoodFellas
936,346,Seven Samurai,七人の侍
937,12477,Grave of the Fireflies,火垂るの墓
938,637,Life Is Beautiful,La vita è bella
939,11216,Cinema Paradiso,Nuovo Cinema Paradiso
940,278,The Shawshank Redemption,The Shawshank Redemption
941,238,The Godfather,The Godfather
942,240,The Godfather Part II,The Godfather Part II
943,424,Schindler's List,Schindler's List
944,389,12 Angry Men,12 Angry Men
945,19404,Dilwale Dulhania Le Jayenge,दिलवाले दुल्हनिया ले जायेंगे
946,129,Spirited Away,千と千尋の神隠し
947,155,The Dark Knight,The Dark Knight
948,496243,Parasite,기생충
949,497,The Green Mile,The Green Mile
950,372058,Your Name.,君の名は。
951,680,Pulp Fiction,Pulp Fiction
952,122,The Lord of the Rings: The Return of the King,The Lord of the Rings: The Return of the King
953,13,Forrest Gump,Forrest Gump
954,429,"The Good, the Bad and the Ugly","Il buono, il brutto, il cattivo"
955,769,GoodFellas,GoodFellas
956,346,Seven Samurai,七人の侍
957,12477,Grave of the Fireflies,火垂るの墓
958,637,Life Is Beautiful,La vita è bella
959,11216,Cinema Paradiso,Nuovo Cinema Paradiso
960,278,The Shawshank Redemption,The Shawshank Redemption
961,238,The Godfather,The Godfather
962,240,The Godfather Part II,The Godfather Part II
963,424,Schindler's List,Schindler's List
964,389,12 Angry Men,12 Angry Men
965,19404,Dilwale Dulhania Le Jayenge,दिलवाले दुल्हनिया ले जायेंगे
966,129,Spirited Away,千と千尋の神隠し
967,155,The Dark Knight,The Dark Knight
968,496243,Parasite,기생충
969,497,The Green Mile,The Green Mile
970,372058,Your Name.,君の名は。
971,680,Pulp Fiction,Pulp Fiction
972,122,The Lord of the Rings: The Return of the King,The Lord of the Rings: The Return of the King
973,13,Forrest Gump,Forrest Gump
974,429,"The Good, the Bad and the Ugly","Il buono, il brutto, il cattivo"
975,769,GoodFellas,GoodFellas
976,346,Seven Samurai,七人の侍
977,12477,Grave of the Fireflies,火垂るの墓
978,637,Life Is Beautiful,La vita è bella
979,11216,Cinema Paradiso,Nuovo Cinema Paradiso
980,278,The Shawshank Redemption,The Shawshank Redemption
981,238,The Godfather,The Godfather
982,240,The Godfather Part II,The Godfather Part II
983,424,Schindler's List,Schindler's List
984,389,12 Angry Men,12 Angry Men
985,19404,Dilwale Dulhania Le Jayenge,दिलवाले दुल्हनिया ले जायेंगे
986,129,Spirited Away,千と千尋の神隠し
987,155,The Dark Knight,The Dark Knight
988,496243,Parasite,기생충
989,497,The Green Mile,The Green Mile
990,372058,Your Name.,君の名は。
991,680,Pulp Fiction,Pulp Fiction
992,122,The Lord of the Rings: The Return of the King,The Lord of the Rings: The Return of the King
993,13,Forrest Gump,Forrest Gump
994,429,"The Good, the Bad and the Ugly","Il buono, il brutto, il cattivo"
995,769,GoodFellas,GoodFellas
996,346,Seven Samurai,七人の侍
997,12477,Grave of the Fireflies,火垂るの墓
998,637,Life Is Beautiful,La vita è bella
999,11216,Cinema Paradiso,Nuovo Cinema Paradiso
